sequence_id,frame,timestamp_s,fps,video_file,image,opening_scale,opening_change_per_s,motion,camera_zoom,synthetic_intrarenal_pressure_mmHg,synthetic_pressure_change_mmHg_s,synthetic_sensor_pressure_mmHg,synthetic_flow_rate_ml_min,is_synthetic_ground_truth,relationship_model
seed_42,0,0.000000,15,synthetic_opening.mp4,frames/frame_00000.png,1.133872,0.312893,expanding,0.920905,18.346800,7.822325,18.461931,35.020200,True,illustrative_linear_opening_v1
seed_42,1,0.066667,15,synthetic_opening.mp4,frames/frame_00001.png,1.153960,0.289198,expanding,0.921723,18.849000,7.229950,18.873238,35.773500,True,illustrative_linear_opening_v1
seed_42,2,0.133333,15,synthetic_opening.mp4,frames/frame_00002.png,1.172362,0.262335,expanding,0.922799,19.309050,6.558375,19.376479,36.463575,True,illustrative_linear_opening_v1
seed_42,3,0.200000,15,synthetic_opening.mp4,frames/frame_00003.png,1.188874,0.232597,expanding,0.924128,19.721850,5.814925,19.778940,37.082775,True,illustrative_linear_opening_v1
seed_42,4,0.266667,15,synthetic_opening.mp4,frames/frame_00004.png,1.203318,0.200311,expanding,0.925708,20.082950,5.007775,19.822699,37.624425,True,illustrative_linear_opening_v1
seed_42,5,0.333333,15,synthetic_opening.mp4,frames/frame_00005.png,1.215534,0.165830,expanding,0.927532,20.388350,4.145750,20.168865,38.082525,True,illustrative_linear_opening_v1
seed_42,6,0.400000,15,synthetic_opening.mp4,frames/frame_00006.png,1.225388,0.129533,expanding,0.929595,20.634700,3.238325,20.398406,38.452050,True,illustrative_linear_opening_v1
seed_42,7,0.466667,15,synthetic_opening.mp4,frames/frame_00007.png,1.232773,0.091816,expanding,0.931890,20.819325,2.295400,20.517227,38.728988,True,illustrative_linear_opening_v1
seed_42,8,0.533333,15,synthetic_opening.mp4,frames/frame_00008.png,1.237608,0.053093,near_turning_point,0.934408,20.940200,1.327325,20.744732,38.910300,True,illustrative_linear_opening_v1
seed_42,9,0.600000,15,synthetic_opening.mp4,frames/frame_00009.png,1.239839,0.013789,near_turning_point,0.937143,20.995975,0.344725,20.986709,38.993962,True,illustrative_linear_opening_v1
seed_42,10,0.666667,15,synthetic_opening.mp4,frames/frame_00010.png,1.239443,-0.025666,near_turning_point,0.940084,20.986075,-0.641650,20.974152,38.979112,True,illustrative_linear_opening_v1
seed_42,11,0.733333,15,synthetic_opening.mp4,frames/frame_00011.png,1.236423,-0.064841,contracting,0.943223,20.910575,-1.621025,20.913860,38.865863,True,illustrative_linear_opening_v1
seed_42,12,0.800000,15,synthetic_opening.mp4,frames/frame_00012.png,1.230814,-0.103305,contracting,0.946549,20.770350,-2.582625,20.684593,38.655525,True,illustrative_linear_opening_v1
seed_42,13,0.866667,15,synthetic_opening.mp4,frames/frame_00013.png,1.222675,-0.140637,contracting,0.950050,20.566875,-3.515925,20.611444,38.350313,True,illustrative_linear_opening_v1
seed_42,14,0.933333,15,synthetic_opening.mp4,frames/frame_00014.png,1.212096,-0.176428,contracting,0.953716,20.302400,-4.410700,20.470691,37.953600,True,illustrative_linear_opening_v1
seed_42,15,1.000000,15,synthetic_opening.mp4,frames/frame_00015.png,1.199194,-0.210286,contracting,0.957535,19.979850,-5.257150,20.019479,37.469775,True,illustrative_linear_opening_v1
seed_42,16,1.066667,15,synthetic_opening.mp4,frames/frame_00016.png,1.184109,-0.241840,contracting,0.961493,19.602725,-6.046000,19.643828,36.904088,True,illustrative_linear_opening_v1
seed_42,17,1.133333,15,synthetic_opening.mp4,frames/frame_00017.png,1.167008,-0.270745,contracting,0.965577,19.175200,-6.768625,19.229120,36.262800,True,illustrative_linear_opening_v1
seed_42,18,1.200000,15,synthetic_opening.mp4,frames/frame_00018.png,1.148076,-0.296683,contracting,0.969776,18.701900,-7.417075,18.603866,35.552850,True,illustrative_linear_opening_v1
seed_42,19,1.266667,15,synthetic_opening.mp4,frames/frame_00019.png,1.127522,-0.319371,contracting,0.974073,18.188050,-7.984275,18.097669,34.782075,True,illustrative_linear_opening_v1
seed_42,20,1.333333,15,synthetic_opening.mp4,frames/frame_00020.png,1.105571,-0.338560,contracting,0.978456,17.639275,-8.464000,17.648074,33.958913,True,illustrative_linear_opening_v1
seed_42,21,1.400000,15,synthetic_opening.mp4,frames/frame_00021.png,1.082463,-0.354039,contracting,0.982910,17.061575,-8.850975,17.027448,33.092362,True,illustrative_linear_opening_v1
seed_42,22,1.466667,15,synthetic_opening.mp4,frames/frame_00022.png,1.058452,-0.365639,contracting,0.987420,16.461300,-9.140975,16.339379,32.191950,True,illustrative_linear_opening_v1
seed_42,23,1.533333,15,synthetic_opening.mp4,frames/frame_00023.png,1.033800,-0.373234,contracting,0.991972,15.845000,-9.330850,15.650361,31.267500,True,illustrative_linear_opening_v1
seed_42,24,1.600000,15,synthetic_opening.mp4,frames/frame_00024.png,1.008778,-0.376739,contracting,0.996550,15.219450,-9.418475,15.012374,30.329175,True,illustrative_linear_opening_v1
seed_42,25,1.666667,15,synthetic_opening.mp4,frames/frame_00025.png,0.983660,-0.376116,contracting,1.001139,14.591500,-9.402900,14.427822,29.387250,True,illustrative_linear_opening_v1
seed_42,26,1.733333,15,synthetic_opening.mp4,frames/frame_00026.png,0.958721,-0.371373,contracting,1.005725,13.968025,-9.284325,13.682885,28.452038,True,illustrative_linear_opening_v1
seed_42,27,1.800000,15,synthetic_opening.mp4,frames/frame_00027.png,0.934234,-0.362561,contracting,1.010292,13.355850,-9.064025,12.984965,27.533775,True,illustrative_linear_opening_v1
seed_42,28,1.866667,15,synthetic_opening.mp4,frames/frame_00028.png,0.910468,-0.349777,contracting,1.014824,12.761700,-8.744425,12.383492,26.642550,True,illustrative_linear_opening_v1
seed_42,29,1.933333,15,synthetic_opening.mp4,frames/frame_00029.png,0.887683,-0.333160,contracting,1.019309,12.192075,-8.329000,11.894605,25.788112,True,illustrative_linear_opening_v1
seed_42,30,2.000000,15,synthetic_opening.mp4,frames/frame_00030.png,0.866128,-0.312893,contracting,1.023729,11.653200,-7.822325,11.554993,24.979800,True,illustrative_linear_opening_v1
seed_42,31,2.066667,15,synthetic_opening.mp4,frames/frame_00031.png,0.846040,-0.289198,contracting,1.028071,11.151000,-7.229950,11.057107,24.226500,True,illustrative_linear_opening_v1
seed_42,32,2.133333,15,synthetic_opening.mp4,frames/frame_00032.png,0.827638,-0.262335,contracting,1.032322,10.690950,-6.558375,10.964383,23.536425,True,illustrative_linear_opening_v1
seed_42,33,2.200000,15,synthetic_opening.mp4,frames/frame_00033.png,0.811126,-0.232597,contracting,1.036465,10.278150,-5.814925,10.583415,22.917225,True,illustrative_linear_opening_v1
seed_42,34,2.266667,15,synthetic_opening.mp4,frames/frame_00034.png,0.796682,-0.200311,contracting,1.040489,9.917050,-5.007775,10.226916,22.375575,True,illustrative_linear_opening_v1
seed_42,35,2.333333,15,synthetic_opening.mp4,frames/frame_00035.png,0.784466,-0.165830,contracting,1.044379,9.611650,-4.145750,9.932885,21.917475,True,illustrative_linear_opening_v1
seed_42,36,2.400000,15,synthetic_opening.mp4,frames/frame_00036.png,0.774612,-0.129533,contracting,1.048123,9.365300,-3.238325,9.672402,21.547950,True,illustrative_linear_opening_v1
seed_42,37,2.466667,15,synthetic_opening.mp4,frames/frame_00037.png,0.767227,-0.091816,contracting,1.051709,9.180675,-2.295400,9.470000,21.271013,True,illustrative_linear_opening_v1
seed_42,38,2.533333,15,synthetic_opening.mp4,frames/frame_00038.png,0.762392,-0.053093,near_turning_point,1.055125,9.059800,-1.327325,9.393453,21.089700,True,illustrative_linear_opening_v1
seed_42,39,2.600000,15,synthetic_opening.mp4,frames/frame_00039.png,0.760161,-0.013789,near_turning_point,1.058359,9.004025,-0.344725,9.421469,21.006037,True,illustrative_linear_opening_v1
seed_42,40,2.666667,15,synthetic_opening.mp4,frames/frame_00040.png,0.760557,0.025666,near_turning_point,1.061401,9.013925,0.641650,9.617956,21.020888,True,illustrative_linear_opening_v1
seed_42,41,2.733333,15,synthetic_opening.mp4,frames/frame_00041.png,0.763577,0.064841,expanding,1.064241,9.089425,1.621025,9.692798,21.134137,True,illustrative_linear_opening_v1
seed_42,42,2.800000,15,synthetic_opening.mp4,frames/frame_00042.png,0.769186,0.103305,expanding,1.066869,9.229650,2.582625,9.906671,21.344475,True,illustrative_linear_opening_v1
seed_42,43,2.866667,15,synthetic_opening.mp4,frames/frame_00043.png,0.777325,0.140637,expanding,1.069278,9.433125,3.515925,10.115443,21.649687,True,illustrative_linear_opening_v1
seed_42,44,2.933333,15,synthetic_opening.mp4,frames/frame_00044.png,0.787904,0.176428,expanding,1.071458,9.697600,4.410700,10.398683,22.046400,True,illustrative_linear_opening_v1
seed_42,45,3.000000,15,synthetic_opening.mp4,frames/frame_00045.png,0.800806,0.210286,expanding,1.073403,10.020150,5.257150,10.658575,22.530225,True,illustrative_linear_opening_v1
seed_42,46,3.066667,15,synthetic_opening.mp4,frames/frame_00046.png,0.815891,0.241840,expanding,1.075107,10.397275,6.046000,11.034648,23.095913,True,illustrative_linear_opening_v1
seed_42,47,3.133333,15,synthetic_opening.mp4,frames/frame_00047.png,0.832992,0.270745,expanding,1.076563,10.824800,6.768625,11.594713,23.737200,True,illustrative_linear_opening_v1
seed_42,48,3.200000,15,synthetic_opening.mp4,frames/frame_00048.png,0.851924,0.296683,expanding,1.077768,11.298100,7.417075,11.734550,24.447150,True,illustrative_linear_opening_v1
seed_42,49,3.266667,15,synthetic_opening.mp4,frames/frame_00049.png,0.872478,0.319371,expanding,1.078716,11.811950,7.984275,12.084022,25.217925,True,illustrative_linear_opening_v1
seed_42,50,3.333333,15,synthetic_opening.mp4,frames/frame_00050.png,0.894429,0.338560,expanding,1.079405,12.360725,8.464000,12.802734,26.041087,True,illustrative_linear_opening_v1
seed_42,51,3.400000,15,synthetic_opening.mp4,frames/frame_00051.png,0.917537,0.354039,expanding,1.079833,12.938425,8.850975,13.357205,26.907638,True,illustrative_linear_opening_v1
seed_42,52,3.466667,15,synthetic_opening.mp4,frames/frame_00052.png,0.941548,0.365639,expanding,1.079998,13.538700,9.140975,14.041915,27.808050,True,illustrative_linear_opening_v1
seed_42,53,3.533333,15,synthetic_opening.mp4,frames/frame_00053.png,0.966200,0.373234,expanding,1.079900,14.155000,9.330850,14.570814,28.732500,True,illustrative_linear_opening_v1
seed_42,54,3.600000,15,synthetic_opening.mp4,frames/frame_00054.png,0.991222,0.376739,expanding,1.079538,14.780550,9.418475,15.051700,29.670825,True,illustrative_linear_opening_v1
seed_42,55,3.666667,15,synthetic_opening.mp4,frames/frame_00055.png,1.016340,0.376116,expanding,1.078915,15.408500,9.402900,15.659067,30.612750,True,illustrative_linear_opening_v1
seed_42,56,3.733333,15,synthetic_opening.mp4,frames/frame_00056.png,1.041279,0.371373,expanding,1.078032,16.031975,9.284325,16.199429,31.547963,True,illustrative_linear_opening_v1
seed_42,57,3.800000,15,synthetic_opening.mp4,frames/frame_00057.png,1.065766,0.362561,expanding,1.076893,16.644150,9.064025,16.609004,32.466225,True,illustrative_linear_opening_v1
seed_42,58,3.866667,15,synthetic_opening.mp4,frames/frame_00058.png,1.089532,0.349777,expanding,1.075500,17.238300,8.744425,17.056840,33.357450,True,illustrative_linear_opening_v1
seed_42,59,3.933333,15,synthetic_opening.mp4,frames/frame_00059.png,1.112317,0.333160,expanding,1.073859,17.807925,8.329000,17.856302,34.211888,True,illustrative_linear_opening_v1
seed_42,60,4.000000,15,synthetic_opening.mp4,frames/frame_00060.png,1.133872,0.312893,expanding,1.071974,18.346800,7.822325,18.457876,35.020200,True,illustrative_linear_opening_v1
seed_42,61,4.066667,15,synthetic_opening.mp4,frames/frame_00061.png,1.153960,0.289198,expanding,1.069853,18.849000,7.229950,18.942087,35.773500,True,illustrative_linear_opening_v1
seed_42,62,4.133333,15,synthetic_opening.mp4,frames/frame_00062.png,1.172362,0.262335,expanding,1.067501,19.309050,6.558375,19.441895,36.463575,True,illustrative_linear_opening_v1
seed_42,63,4.200000,15,synthetic_opening.mp4,frames/frame_00063.png,1.188874,0.232597,expanding,1.064928,19.721850,5.814925,19.866281,37.082775,True,illustrative_linear_opening_v1
seed_42,64,4.266667,15,synthetic_opening.mp4,frames/frame_00064.png,1.203318,0.200311,expanding,1.062141,20.082950,5.007775,20.109081,37.624425,True,illustrative_linear_opening_v1
seed_42,65,4.333333,15,synthetic_opening.mp4,frames/frame_00065.png,1.215534,0.165830,expanding,1.059149,20.388350,4.145750,20.443523,38.082525,True,illustrative_linear_opening_v1
seed_42,66,4.400000,15,synthetic_opening.mp4,frames/frame_00066.png,1.225388,0.129533,expanding,1.055963,20.634700,3.238325,20.648351,38.452050,True,illustrative_linear_opening_v1
seed_42,67,4.466667,15,synthetic_opening.mp4,frames/frame_00067.png,1.232773,0.091816,expanding,1.052592,20.819325,2.295400,20.800386,38.728988,True,illustrative_linear_opening_v1
seed_42,68,4.533333,15,synthetic_opening.mp4,frames/frame_00068.png,1.237608,0.053093,near_turning_point,1.049048,20.940200,1.327325,20.982597,38.910300,True,illustrative_linear_opening_v1
seed_42,69,4.600000,15,synthetic_opening.mp4,frames/frame_00069.png,1.239839,0.013789,near_turning_point,1.045343,20.995975,0.344725,20.821424,38.993962,True,illustrative_linear_opening_v1
seed_42,70,4.666667,15,synthetic_opening.mp4,frames/frame_00070.png,1.239443,-0.025666,near_turning_point,1.041489,20.986075,-0.641650,20.891547,38.979112,True,illustrative_linear_opening_v1
seed_42,71,4.733333,15,synthetic_opening.mp4,frames/frame_00071.png,1.236423,-0.064841,contracting,1.037498,20.910575,-1.621025,20.832092,38.865863,True,illustrative_linear_opening_v1
seed_42,72,4.800000,15,synthetic_opening.mp4,frames/frame_00072.png,1.230814,-0.103305,contracting,1.033383,20.770350,-2.582625,20.669765,38.655525,True,illustrative_linear_opening_v1
seed_42,73,4.866667,15,synthetic_opening.mp4,frames/frame_00073.png,1.222675,-0.140637,contracting,1.029159,20.566875,-3.515925,20.356582,38.350313,True,illustrative_linear_opening_v1
seed_42,74,4.933333,15,synthetic_opening.mp4,frames/frame_00074.png,1.212096,-0.176428,contracting,1.024838,20.302400,-4.410700,20.128094,37.953600,True,illustrative_linear_opening_v1
seed_42,75,5.000000,15,synthetic_opening.mp4,frames/frame_00075.png,1.199194,-0.210286,contracting,1.020436,19.979850,-5.257150,19.685628,37.469775,True,illustrative_linear_opening_v1
seed_42,76,5.066667,15,synthetic_opening.mp4,frames/frame_00076.png,1.184109,-0.241840,contracting,1.015967,19.602725,-6.046000,19.294320,36.904088,True,illustrative_linear_opening_v1
seed_42,77,5.133333,15,synthetic_opening.mp4,frames/frame_00077.png,1.167008,-0.270745,contracting,1.011445,19.175200,-6.768625,19.012171,36.262800,True,illustrative_linear_opening_v1
seed_42,78,5.200000,15,synthetic_opening.mp4,frames/frame_00078.png,1.148076,-0.296683,contracting,1.006885,18.701900,-7.417075,18.472202,35.552850,True,illustrative_linear_opening_v1
seed_42,79,5.266667,15,synthetic_opening.mp4,frames/frame_00079.png,1.127522,-0.319371,contracting,1.002303,18.188050,-7.984275,17.770922,34.782075,True,illustrative_linear_opening_v1
seed_42,80,5.333333,15,synthetic_opening.mp4,frames/frame_00080.png,1.105571,-0.338560,contracting,0.997713,17.639275,-8.464000,17.223798,33.958913,True,illustrative_linear_opening_v1
seed_42,81,5.400000,15,synthetic_opening.mp4,frames/frame_00081.png,1.082463,-0.354039,contracting,0.993131,17.061575,-8.850975,16.453619,33.092362,True,illustrative_linear_opening_v1
seed_42,82,5.466667,15,synthetic_opening.mp4,frames/frame_00082.png,1.058452,-0.365639,contracting,0.988571,16.461300,-9.140975,16.071646,32.191950,True,illustrative_linear_opening_v1
seed_42,83,5.533333,15,synthetic_opening.mp4,frames/frame_00083.png,1.033800,-0.373234,contracting,0.984049,15.845000,-9.330850,15.471394,31.267500,True,illustrative_linear_opening_v1
seed_42,84,5.600000,15,synthetic_opening.mp4,frames/frame_00084.png,1.008778,-0.376739,contracting,0.979580,15.219450,-9.418475,14.894174,30.329175,True,illustrative_linear_opening_v1
seed_42,85,5.666667,15,synthetic_opening.mp4,frames/frame_00085.png,0.983660,-0.376116,contracting,0.975177,14.591500,-9.402900,14.250949,29.387250,True,illustrative_linear_opening_v1
seed_42,86,5.733333,15,synthetic_opening.mp4,frames/frame_00086.png,0.958721,-0.371373,contracting,0.970857,13.968025,-9.284325,13.647216,28.452038,True,illustrative_linear_opening_v1
seed_42,87,5.800000,15,synthetic_opening.mp4,frames/frame_00087.png,0.934234,-0.362561,contracting,0.966632,13.355850,-9.064025,12.943481,27.533775,True,illustrative_linear_opening_v1
seed_42,88,5.866667,15,synthetic_opening.mp4,frames/frame_00088.png,0.910468,-0.349777,contracting,0.962517,12.761700,-8.744425,12.549249,26.642550,True,illustrative_linear_opening_v1
seed_42,89,5.933333,15,synthetic_opening.mp4,frames/frame_00089.png,0.887683,-0.333160,contracting,0.958526,12.192075,-8.329000,12.068676,25.788112,True,illustrative_linear_opening_v1
seed_42,90,6.000000,15,synthetic_opening.mp4,frames/frame_00090.png,0.866128,-0.312893,contracting,0.954671,11.653200,-7.822325,11.315763,24.979800,True,illustrative_linear_opening_v1
seed_42,91,6.066667,15,synthetic_opening.mp4,frames/frame_00091.png,0.846040,-0.289198,contracting,0.950965,11.151000,-7.229950,10.757573,24.226500,True,illustrative_linear_opening_v1
seed_42,92,6.133333,15,synthetic_opening.mp4,frames/frame_00092.png,0.827638,-0.262335,contracting,0.947421,10.690950,-6.558375,10.337328,23.536425,True,illustrative_linear_opening_v1
seed_42,93,6.200000,15,synthetic_opening.mp4,frames/frame_00093.png,0.811126,-0.232597,contracting,0.944049,10.278150,-5.814925,9.996701,22.917225,True,illustrative_linear_opening_v1
seed_42,94,6.266667,15,synthetic_opening.mp4,frames/frame_00094.png,0.796682,-0.200311,contracting,0.940862,9.917050,-5.007775,9.742230,22.375575,True,illustrative_linear_opening_v1
seed_42,95,6.333333,15,synthetic_opening.mp4,frames/frame_00095.png,0.784466,-0.165830,contracting,0.937870,9.611650,-4.145750,9.322900,21.917475,True,illustrative_linear_opening_v1
seed_42,96,6.400000,15,synthetic_opening.mp4,frames/frame_00096.png,0.774612,-0.129533,contracting,0.935082,9.365300,-3.238325,8.956340,21.547950,True,illustrative_linear_opening_v1
seed_42,97,6.466667,15,synthetic_opening.mp4,frames/frame_00097.png,0.767227,-0.091816,contracting,0.932507,9.180675,-2.295400,8.927004,21.271013,True,illustrative_linear_opening_v1
seed_42,98,6.533333,15,synthetic_opening.mp4,frames/frame_00098.png,0.762392,-0.053093,near_turning_point,0.930155,9.059800,-1.327325,8.795197,21.089700,True,illustrative_linear_opening_v1
seed_42,99,6.600000,15,synthetic_opening.mp4,frames/frame_00099.png,0.760161,-0.013789,near_turning_point,0.928033,9.004025,-0.344725,8.627875,21.006037,True,illustrative_linear_opening_v1
seed_42,100,6.666667,15,synthetic_opening.mp4,frames/frame_00100.png,0.760557,0.025666,near_turning_point,0.926148,9.013925,0.641650,8.605030,21.020888,True,illustrative_linear_opening_v1
seed_42,101,6.733333,15,synthetic_opening.mp4,frames/frame_00101.png,0.763577,0.064841,expanding,0.924506,9.089425,1.621025,8.823909,21.134137,True,illustrative_linear_opening_v1
seed_42,102,6.800000,15,synthetic_opening.mp4,frames/frame_00102.png,0.769186,0.103305,expanding,0.923112,9.229650,2.582625,9.015651,21.344475,True,illustrative_linear_opening_v1
seed_42,103,6.866667,15,synthetic_opening.mp4,frames/frame_00103.png,0.777325,0.140637,expanding,0.921971,9.433125,3.515925,9.326106,21.649687,True,illustrative_linear_opening_v1
seed_42,104,6.933333,15,synthetic_opening.mp4,frames/frame_00104.png,0.787904,0.176428,expanding,0.921087,9.697600,4.410700,9.596066,22.046400,True,illustrative_linear_opening_v1
seed_42,105,7.000000,15,synthetic_opening.mp4,frames/frame_00105.png,0.800806,0.210286,expanding,0.920463,10.020150,5.257150,9.916698,22.530225,True,illustrative_linear_opening_v1
seed_42,106,7.066667,15,synthetic_opening.mp4,frames/frame_00106.png,0.815891,0.241840,expanding,0.920101,10.397275,6.046000,10.303786,23.095913,True,illustrative_linear_opening_v1
seed_42,107,7.133333,15,synthetic_opening.mp4,frames/frame_00107.png,0.832992,0.270745,expanding,0.920002,10.824800,6.768625,10.891950,23.737200,True,illustrative_linear_opening_v1
seed_42,108,7.200000,15,synthetic_opening.mp4,frames/frame_00108.png,0.851924,0.296683,expanding,0.920166,11.298100,7.417075,11.317060,24.447150,True,illustrative_linear_opening_v1
seed_42,109,7.266667,15,synthetic_opening.mp4,frames/frame_00109.png,0.872478,0.319371,expanding,0.920593,11.811950,7.984275,11.960092,25.217925,True,illustrative_linear_opening_v1
seed_42,110,7.333333,15,synthetic_opening.mp4,frames/frame_00110.png,0.894429,0.338560,expanding,0.921281,12.360725,8.464000,12.739091,26.041087,True,illustrative_linear_opening_v1
seed_42,111,7.400000,15,synthetic_opening.mp4,frames/frame_00111.png,0.917537,0.354039,expanding,0.922229,12.938425,8.850975,13.158945,26.907638,True,illustrative_linear_opening_v1
seed_42,112,7.466667,15,synthetic_opening.mp4,frames/frame_00112.png,0.941548,0.365639,expanding,0.923432,13.538700,9.140975,13.738297,27.808050,True,illustrative_linear_opening_v1
seed_42,113,7.533333,15,synthetic_opening.mp4,frames/frame_00113.png,0.966200,0.373234,expanding,0.924887,14.155000,9.330850,14.473370,28.732500,True,illustrative_linear_opening_v1
seed_42,114,7.600000,15,synthetic_opening.mp4,frames/frame_00114.png,0.991222,0.376739,expanding,0.926590,14.780550,9.418475,14.904041,29.670825,True,illustrative_linear_opening_v1
seed_42,115,7.666667,15,synthetic_opening.mp4,frames/frame_00115.png,1.016340,0.376116,expanding,0.928534,15.408500,9.402900,15.449690,30.612750,True,illustrative_linear_opening_v1
seed_42,116,7.733333,15,synthetic_opening.mp4,frames/frame_00116.png,1.041279,0.371373,expanding,0.930714,16.031975,9.284325,15.927182,31.547963,True,illustrative_linear_opening_v1
seed_42,117,7.800000,15,synthetic_opening.mp4,frames/frame_00117.png,1.065766,0.362561,expanding,0.933121,16.644150,9.064025,16.776177,32.466225,True,illustrative_linear_opening_v1
seed_42,118,7.866667,15,synthetic_opening.mp4,frames/frame_00118.png,1.089532,0.349777,expanding,0.935749,17.238300,8.744425,17.290114,33.357450,True,illustrative_linear_opening_v1
seed_42,119,7.933333,15,synthetic_opening.mp4,frames/frame_00119.png,1.112317,0.333160,expanding,0.938588,17.807925,8.329000,17.832978,34.211888,True,illustrative_linear_opening_v1
seed_42,120,8.000000,15,synthetic_opening.mp4,frames/frame_00120.png,1.133872,0.312893,expanding,0.941630,18.346800,7.822325,18.446961,35.020200,True,illustrative_linear_opening_v1
seed_42,121,8.066667,15,synthetic_opening.mp4,frames/frame_00121.png,1.153960,0.289198,expanding,0.944863,18.849000,7.229950,18.779754,35.773500,True,illustrative_linear_opening_v1
seed_42,122,8.133333,15,synthetic_opening.mp4,frames/frame_00122.png,1.172362,0.262335,expanding,0.948278,19.309050,6.558375,19.222192,36.463575,True,illustrative_linear_opening_v1
seed_42,123,8.200000,15,synthetic_opening.mp4,frames/frame_00123.png,1.188874,0.232597,expanding,0.951863,19.721850,5.814925,19.676957,37.082775,True,illustrative_linear_opening_v1
seed_42,124,8.266667,15,synthetic_opening.mp4,frames/frame_00124.png,1.203318,0.200311,expanding,0.955607,20.082950,5.007775,20.046541,37.624425,True,illustrative_linear_opening_v1
seed_42,125,8.333333,15,synthetic_opening.mp4,frames/frame_00125.png,1.215534,0.165830,expanding,0.959497,20.388350,4.145750,20.414622,38.082525,True,illustrative_linear_opening_v1
seed_42,126,8.400000,15,synthetic_opening.mp4,frames/frame_00126.png,1.225388,0.129533,expanding,0.963520,20.634700,3.238325,20.677949,38.452050,True,illustrative_linear_opening_v1
seed_42,127,8.466667,15,synthetic_opening.mp4,frames/frame_00127.png,1.232773,0.091816,expanding,0.967663,20.819325,2.295400,20.826577,38.728988,True,illustrative_linear_opening_v1
seed_42,128,8.533333,15,synthetic_opening.mp4,frames/frame_00128.png,1.237608,0.053093,near_turning_point,0.971913,20.940200,1.327325,20.968161,38.910300,True,illustrative_linear_opening_v1
seed_42,129,8.600000,15,synthetic_opening.mp4,frames/frame_00129.png,1.239839,0.013789,near_turning_point,0.976255,20.995975,0.344725,21.107776,38.993962,True,illustrative_linear_opening_v1
seed_42,130,8.666667,15,synthetic_opening.mp4,frames/frame_00130.png,1.239443,-0.025666,near_turning_point,0.980675,20.986075,-0.641650,21.086503,38.979112,True,illustrative_linear_opening_v1
seed_42,131,8.733333,15,synthetic_opening.mp4,frames/frame_00131.png,1.236423,-0.064841,contracting,0.985159,20.910575,-1.621025,20.883654,38.865863,True,illustrative_linear_opening_v1
seed_42,132,8.800000,15,synthetic_opening.mp4,frames/frame_00132.png,1.230814,-0.103305,contracting,0.989692,20.770350,-2.582625,20.693386,38.655525,True,illustrative_linear_opening_v1
seed_42,133,8.866667,15,synthetic_opening.mp4,frames/frame_00133.png,1.222675,-0.140637,contracting,0.994259,20.566875,-3.515925,20.545246,38.350313,True,illustrative_linear_opening_v1
seed_42,134,8.933333,15,synthetic_opening.mp4,frames/frame_00134.png,1.212096,-0.176428,contracting,0.998844,20.302400,-4.410700,20.389057,37.953600,True,illustrative_linear_opening_v1
seed_42,135,9.000000,15,synthetic_opening.mp4,frames/frame_00135.png,1.199194,-0.210286,contracting,1.003433,19.979850,-5.257150,20.144966,37.469775,True,illustrative_linear_opening_v1
seed_42,136,9.066667,15,synthetic_opening.mp4,frames/frame_00136.png,1.184109,-0.241840,contracting,1.008012,19.602725,-6.046000,19.779777,36.904088,True,illustrative_linear_opening_v1
seed_42,137,9.133333,15,synthetic_opening.mp4,frames/frame_00137.png,1.167008,-0.270745,contracting,1.012563,19.175200,-6.768625,19.275531,36.262800,True,illustrative_linear_opening_v1
seed_42,138,9.200000,15,synthetic_opening.mp4,frames/frame_00138.png,1.148076,-0.296683,contracting,1.017074,18.701900,-7.417075,18.738784,35.552850,True,illustrative_linear_opening_v1
seed_42,139,9.266667,15,synthetic_opening.mp4,frames/frame_00139.png,1.127522,-0.319371,contracting,1.021528,18.188050,-7.984275,18.147192,34.782075,True,illustrative_linear_opening_v1
seed_42,140,9.333333,15,synthetic_opening.mp4,frames/frame_00140.png,1.105571,-0.338560,contracting,1.025911,17.639275,-8.464000,17.434824,33.958913,True,illustrative_linear_opening_v1
seed_42,141,9.400000,15,synthetic_opening.mp4,frames/frame_00141.png,1.082463,-0.354039,contracting,1.030209,17.061575,-8.850975,16.748704,33.092362,True,illustrative_linear_opening_v1
seed_42,142,9.466667,15,synthetic_opening.mp4,frames/frame_00142.png,1.058452,-0.365639,contracting,1.034407,16.461300,-9.140975,16.149783,32.191950,True,illustrative_linear_opening_v1
seed_42,143,9.533333,15,synthetic_opening.mp4,frames/frame_00143.png,1.033800,-0.373234,contracting,1.038493,15.845000,-9.330850,15.590007,31.267500,True,illustrative_linear_opening_v1
seed_42,144,9.600000,15,synthetic_opening.mp4,frames/frame_00144.png,1.008778,-0.376739,contracting,1.042451,15.219450,-9.418475,15.147715,30.329175,True,illustrative_linear_opening_v1
seed_42,145,9.666667,15,synthetic_opening.mp4,frames/frame_00145.png,0.983660,-0.376116,contracting,1.046270,14.591500,-9.402900,14.610638,29.387250,True,illustrative_linear_opening_v1
seed_42,146,9.733333,15,synthetic_opening.mp4,frames/frame_00146.png,0.958721,-0.371373,contracting,1.049937,13.968025,-9.284325,14.061228,28.452038,True,illustrative_linear_opening_v1
seed_42,147,9.800000,15,synthetic_opening.mp4,frames/frame_00147.png,0.934234,-0.362561,contracting,1.053439,13.355850,-9.064025,13.302686,27.533775,True,illustrative_linear_opening_v1
seed_42,148,9.866667,15,synthetic_opening.mp4,frames/frame_00148.png,0.910468,-0.349777,contracting,1.056765,12.761700,-8.744425,12.814831,26.642550,True,illustrative_linear_opening_v1
seed_42,149,9.933333,15,synthetic_opening.mp4,frames/frame_00149.png,0.887683,-0.333160,contracting,1.059905,12.192075,-8.329000,12.212059,25.788112,True,illustrative_linear_opening_v1
seed_42,150,10.000000,15,synthetic_opening.mp4,frames/frame_00150.png,0.866128,-0.312893,contracting,1.062847,11.653200,-7.822325,11.487224,24.979800,True,illustrative_linear_opening_v1
seed_42,151,10.066667,15,synthetic_opening.mp4,frames/frame_00151.png,0.846040,-0.289198,contracting,1.065582,11.151000,-7.229950,11.168404,24.226500,True,illustrative_linear_opening_v1
seed_42,152,10.133333,15,synthetic_opening.mp4,frames/frame_00152.png,0.827638,-0.262335,contracting,1.068102,10.690950,-6.558375,10.582547,23.536425,True,illustrative_linear_opening_v1
seed_42,153,10.200000,15,synthetic_opening.mp4,frames/frame_00153.png,0.811126,-0.232597,contracting,1.070397,10.278150,-5.814925,10.269487,22.917225,True,illustrative_linear_opening_v1
seed_42,154,10.266667,15,synthetic_opening.mp4,frames/frame_00154.png,0.796682,-0.200311,contracting,1.072461,9.917050,-5.007775,9.827649,22.375575,True,illustrative_linear_opening_v1
seed_42,155,10.333333,15,synthetic_opening.mp4,frames/frame_00155.png,0.784466,-0.165830,contracting,1.074286,9.611650,-4.145750,9.544960,21.917475,True,illustrative_linear_opening_v1
seed_42,156,10.400000,15,synthetic_opening.mp4,frames/frame_00156.png,0.774612,-0.129533,contracting,1.075866,9.365300,-3.238325,9.260067,21.547950,True,illustrative_linear_opening_v1
seed_42,157,10.466667,15,synthetic_opening.mp4,frames/frame_00157.png,0.767227,-0.091816,contracting,1.077197,9.180675,-2.295400,8.961627,21.271013,True,illustrative_linear_opening_v1
seed_42,158,10.533333,15,synthetic_opening.mp4,frames/frame_00158.png,0.762392,-0.053093,near_turning_point,1.078274,9.059800,-1.327325,8.866320,21.089700,True,illustrative_linear_opening_v1
seed_42,159,10.600000,15,synthetic_opening.mp4,frames/frame_00159.png,0.760161,-0.013789,near_turning_point,1.079093,9.004025,-0.344725,8.827048,21.006037,True,illustrative_linear_opening_v1
seed_42,160,10.666667,15,synthetic_opening.mp4,frames/frame_00160.png,0.760557,0.025666,near_turning_point,1.079652,9.013925,0.641650,9.017063,21.020888,True,illustrative_linear_opening_v1
seed_42,161,10.733333,15,synthetic_opening.mp4,frames/frame_00161.png,0.763577,0.064841,expanding,1.079948,9.089425,1.621025,9.264178,21.134137,True,illustrative_linear_opening_v1
seed_42,162,10.800000,15,synthetic_opening.mp4,frames/frame_00162.png,0.769186,0.103305,expanding,1.079982,9.229650,2.582625,9.329540,21.344475,True,illustrative_linear_opening_v1
seed_42,163,10.866667,15,synthetic_opening.mp4,frames/frame_00163.png,0.777325,0.140637,expanding,1.079752,9.433125,3.515925,9.513406,21.649687,True,illustrative_linear_opening_v1
seed_42,164,10.933333,15,synthetic_opening.mp4,frames/frame_00164.png,0.787904,0.176428,expanding,1.079259,9.697600,4.410700,9.728544,22.046400,True,illustrative_linear_opening_v1
seed_42,165,11.000000,15,synthetic_opening.mp4,frames/frame_00165.png,0.800806,0.210286,expanding,1.078506,10.020150,5.257150,10.102170,22.530225,True,illustrative_linear_opening_v1
seed_42,166,11.066667,15,synthetic_opening.mp4,frames/frame_00166.png,0.815891,0.241840,expanding,1.077494,10.397275,6.046000,10.302477,23.095913,True,illustrative_linear_opening_v1
seed_42,167,11.133333,15,synthetic_opening.mp4,frames/frame_00167.png,0.832992,0.270745,expanding,1.076228,10.824800,6.768625,10.950152,23.737200,True,illustrative_linear_opening_v1
seed_42,168,11.200000,15,synthetic_opening.mp4,frames/frame_00168.png,0.851924,0.296683,expanding,1.074710,11.298100,7.417075,11.249018,24.447150,True,illustrative_linear_opening_v1
seed_42,169,11.266667,15,synthetic_opening.mp4,frames/frame_00169.png,0.872478,0.319371,expanding,1.072946,11.811950,7.984275,11.689987,25.217925,True,illustrative_linear_opening_v1
seed_42,170,11.333333,15,synthetic_opening.mp4,frames/frame_00170.png,0.894429,0.338560,expanding,1.070943,12.360725,8.464000,12.002453,26.041087,True,illustrative_linear_opening_v1
seed_42,171,11.400000,15,synthetic_opening.mp4,frames/frame_00171.png,0.917537,0.354039,expanding,1.068705,12.938425,8.850975,12.561428,26.907638,True,illustrative_linear_opening_v1
seed_42,172,11.466667,15,synthetic_opening.mp4,frames/frame_00172.png,0.941548,0.365639,expanding,1.066242,13.538700,9.140975,13.146842,27.808050,True,illustrative_linear_opening_v1
seed_42,173,11.533333,15,synthetic_opening.mp4,frames/frame_00173.png,0.966200,0.373234,expanding,1.063561,14.155000,9.330850,13.772392,28.732500,True,illustrative_linear_opening_v1
seed_42,174,11.600000,15,synthetic_opening.mp4,frames/frame_00174.png,0.991222,0.376739,expanding,1.060670,14.780550,9.418475,14.197828,29.670825,True,illustrative_linear_opening_v1
seed_42,175,11.666667,15,synthetic_opening.mp4,frames/frame_00175.png,1.016340,0.376116,expanding,1.057580,15.408500,9.402900,14.865578,30.612750,True,illustrative_linear_opening_v1
seed_42,176,11.733333,15,synthetic_opening.mp4,frames/frame_00176.png,1.041279,0.371373,expanding,1.054300,16.031975,9.284325,15.252390,31.547963,True,illustrative_linear_opening_v1
seed_42,177,11.800000,15,synthetic_opening.mp4,frames/frame_00177.png,1.065766,0.362561,expanding,1.050841,16.644150,9.064025,15.750478,32.466225,True,illustrative_linear_opening_v1
seed_42,178,11.866667,15,synthetic_opening.mp4,frames/frame_00178.png,1.089532,0.349777,expanding,1.047215,17.238300,8.744425,16.368346,33.357450,True,illustrative_linear_opening_v1
seed_42,179,11.933333,15,synthetic_opening.mp4,frames/frame_00179.png,1.112317,0.333160,expanding,1.043434,17.807925,8.329000,16.982138,34.211888,True,illustrative_linear_opening_v1
